{
  "name": "vm-algo-research-lab",
  "version": "1.0.0",
  "description": "Professional multi-user algorithmic trading and research platform",
  "private": true,
  "scripts": {
    "dev": "next dev",
    "build": "next build",
    "start": "next start",
    "lint": "next lint",
    "format": "prettier --write .",
    "type-check": "tsc --noEmit",
    "test": "jest",
    "test:watch": "jest --watch"
  },
  "dependencies": {
    "next": "14.0.0",
    "react": "18.2.0",
    "react-dom": "18.2.0",
    "typescript": "5.3.0",
    "tailwindcss": "3.3.0",
    "framer-motion": "10.16.0",
    "axios": "1.6.0",
    "zustand": "4.4.0",
    "recharts": "2.10.0",
    "date-fns": "2.30.0",
    "clsx": "2.0.0",
    "tailwind-merge": "2.2.0",
    "@headlessui/react": "1.7.0",
    "@heroicons/react": "2.0.0",
    "react-beautiful-dnd": "13.1.1",
    "react-hot-toast": "2.4.1",
    "next-auth": "4.24.0",
    "jsonwebtoken": "9.1.0",
    "crypto-js": "4.2.0",
    "react-hook-form": "7.48.0",
    "zod": "3.22.0",
    "@hookform/resolvers": "3.3.0",
    "socket.io-client": "4.7.0",
    "dotenv": "16.3.0",
    "next-pwa": "5.6.0",
    "sharp": "0.33.0"
  },
  "devDependencies": {
    "@types/node": "20.10.0",
    "@types/react": "18.2.0",
    "@types/react-dom": "18.2.0",
    "@tailwindcss/forms": "0.5.0",
    "@tailwindcss/typography": "0.5.0",
    "postcss": "8.4.0",
    "autoprefixer": "10.4.0",
    "prettier": "3.1.0",
    "@typescript-eslint/eslint-plugin": "6.13.0",
    "@typescript-eslint/parser": "6.13.0",
    "eslint": "8.55.0",
    "eslint-config-next": "14.0.0",
    "jest": "29.7.0",
    "@testing-library/react": "14.1.0",
    "@testing-library/jest-dom": "6.1.0"
  }
}
